{
    "model_name": "Gradient Boosting",
    "metrics": {
        "MAE": 5.439523787901889,
        "RMSE": 7.762922594369787,
        "R2": 0.9583457149995512,
        "CV_RMSE": 11.165243678298813
    },
    "timestamp": "2025-05-05T23:51:17.128379"
}